word,translation,phonetic,type,example_en,example_cn,tags
additional,附加的，另外的,,adjective,We need additional information before making a decision.,在我们做决定之前，我们需要更多信息。,"附加词汇"
regarding,关于,,adjective,I am writing to you regarding your recent application.,我写信是关于你近期的申请的。,"附加词汇"
offer,提供,,noun/verb,The company offered her a great job.,公司提供给了她一份很棒的工作。,"附加词汇"
handpick,精选,,noun,She handpicked the best apples from the basket.,她从篮子里精挑细选了最好的苹果。,"附加词汇"
head,领导，带领,,noun,Who is going to head the new project?,谁将领导这个新项目？,"附加词汇"
experience,经验；经历,,noun,He has a lot of experience in marketing.,他在市场营销方面有很多经验。,"附加词汇"
field,领域；场地,,noun,She is an expert in the field of medicine.,她是医学领域的专家。,"附加词汇"
working conditions,工作条件,,phrase,Employees are demanding better working conditions.,员工们正在要求更好的工作条件。,"附加词汇"
result in,导致，引起,,verb phrase,Your hard work will result in success.,你的努力工作将会带来成功。,"附加词汇"
remarkable,显著的；值得注意的,,adjective,There has been a remarkable improvement in sales.,销售额有了显着的改善。,"附加词汇"
improvement,改进，改善,,noun,We need continuous improvement in our products.,我们需要对产品进行持续改进。,"附加词汇"
aspect,方面,,noun,We must consider every aspect of the plan.,我们必须考虑计划的每一个方面。,"附加词汇"
morale,士气，民心,,noun,The team victory boosted employee morale.,团队的胜利提升了员工的士气。,"附加词汇"
commuter,使用月、季票上下班者，通勤者,,noun,Thousands of commuters use this train daily.,每天有数千名通勤者乘坐这趟列车。,"附加词汇"
get to...,到达某地,,phrase,What time do you usually get to the office?,你通常几点到办公室？,"附加词汇"
delay,耽搁，延迟,,noun,The flight suffered a two-hour delay.,航班延误了两小时。,"附加词汇"
on-going,持续的；正在进行的,,adjective,This is an on-going research project.,这是一个正在进行的研究项目。,"附加词汇"
construction,建设,,noun,The new building is still under construction.,新大楼仍在建设中。,"附加词汇"
in order to do,为了做（某事）,,phrase,She studied hard in order to pass the exam.,为了通过考试，她努力学习。,"附加词汇"
applicant,申请者,,noun,All applicants must submit their resumes.,所有申请者必须提交简历。,"附加词汇"
meet the strict requirements,满足严格的要求,,phrase,Only a few candidates meet the strict requirements.,只有少数候选人满足严格的要求。,"附加词汇"
strict,严格的；严厉的,,adjective,The company has strict safety rules.,公司有严格的安全规则。,"附加词汇"
requirement,要求；需求,,noun,Good communication skills are a key requirement.,良好的沟通技巧是一项关键要求。,"附加词汇"
outcome,结果,,noun,We are waiting for the final outcome.,我们在等待最终结果。,"附加词汇"
determine,决定,,verb,The manager will determine the schedule.,经理将决定时间表。,"附加词汇"
the course of action,行动方针,,phrase,We need to decide on our course of action.,我们需要决定我们的行动方针。,"附加词汇"
announcement,宣布，宣告,,noun,The CEO made an important announcement.,首席执行官做了一个重要的宣告。,"附加词汇"
retirement,退休,,noun,He is planning his retirement next year.,他正计划明年的退休。,"附加词汇"
extremely,非常，很，极端地,,adverb,The test was extremely difficult.,这次测试极其困难。,"附加词汇"
leisure time,空闲时间,,noun,I like reading in my leisure time.,我喜欢在空闲时间读书。,"附加词汇"
warehouse,仓库,,noun,The goods are stored in the warehouse.,货物存放在仓库里。,"附加词汇"
be out sick,请病假,,phrase,John is out sick today.,约翰今天请病假了。,"附加词汇"
stock,备货；贮存,,noun,The store has a large stock of winter clothes.,这家店有大量的冬装存货。,"附加词汇"
goods,货物,,noun,They deliver goods all over the city.,他们向全城运送货物。,"附加词汇"
accept,接受,,verb,She decided to accept the job offer.,她决定接受这份工作邀请。,"附加词汇"
apology,道歉,,noun,We accept your sincere apology.,我们接受你诚挚的道歉。,"附加词汇"
inconvenience,不便；困难,,noun,We apologize for any inconvenience caused.,对于造成的不便，我们深表歉意。,"附加词汇"
cause,引起，使产生，成为…的原因,,noun/verb,Smoking can cause serious health problems.,吸烟会导致严重的健康问题。,"附加词汇"
majority,多数，大多数,,noun,The majority of workers voted for the strike.,大多数工人都投票支持罢工。,"附加词汇"
contract,合同,,noun,They signed a two-year contract.,他们签了一份两年的合同。,"附加词汇"
negotiation,谈判，磋商,,noun,The contract is currently under negotiation.,合同目前正在谈判中。,"附加词汇"
take place,发生,,phrase,The meeting will take place tomorrow.,会议将在明天举行。,"附加词汇"
handle,处理，操作,,verb,Can you handle this difficult task?,你能处理好这个困难的任务吗？,"附加词汇"
next to impossible,几乎不可能,,phrase,Completing this in an hour is next to impossible.,在一小时内完成这个几乎是不可能的。,"附加词汇"
reserve,预订,,verb,I would like to reserve a table for two.,我想预订一张双人桌。,"附加词汇"
respond,回答，响应,,verb,Please respond to my email as soon as possible.,请尽快回复我的电子邮件。,"附加词汇"
connect,连接；联系,,verb,This cable connects the printer to the computer.,这根电缆将打印机连接到电脑。,"附加词汇"
appoint,任命，指派；分配,,verb,She was appointed as the new director.,她被任命为新总监。,"附加词汇"
presentation,陈述，介绍,,noun,His presentation was clear and professional.,他的演示清晰且专业。,"附加词汇"
winner,胜利者，优胜者,,noun,The winner of the competition received a prize.,比赛的获胜者获得了一份奖品。,"附加词汇"
commence,开始；倡导,,verb,The meeting will commence at 9 AM sharp.,会议将于上午9点整开始。,"附加词汇"
precisely,正好；精确地；明确地,,adverb,The train arrived precisely on time.,火车准点到达。,"附加词汇"
follow,接着；跟随,,verb,Please follow me to the conference room.,请跟我去会议室。,"附加词汇"
sports complex,体育中心,,noun,They are building a new sports complex.,他们正在建造一个新的体育中心。,"附加词汇"
accommodate,容纳,,verb,The hotel can accommodate up to 500 guests.,这家酒店最多可容纳500位客人。,"附加词汇"
Olympic-sized,奥运会规格的,,adjective,The hotel features an Olympic-sized swimming pool.,这家酒店拥有一个奥运会规格的游泳池。,"附加词汇"
facility,设施,,noun,The gym has modern fitness facilities.,这家健身房有现代化的健身设施。,"附加词汇"
include,包括,,verb,The price includes breakfast and Wi-Fi.,价格包含早餐和无线网络。,"附加词汇"
fitness center,健身中心,,noun,Guests have free access to the fitness center.,客人可以免费使用健身中心。,"附加词汇"
spa,温泉浴场,,noun,She relaxed at the hotel spa.,她在酒店的温泉浴场放松。,"附加词汇"
to name just a few,举些例子,,phrase,We offer coffee, tea, and juice, to name just a few.,我们提供咖啡、茶和果汁，这只是其中几样。,"附加词汇"
put through,使通过；使经受,,verb phrase,Could you put me through to Mr. Smith?,能帮我转接给史密斯先生吗？,"附加词汇"
a number of,若干，一些，许多,,phrase,A number of employees attended the workshop.,许多员工参加了研讨会。,"附加词汇"
stringent,严格的，严厉的,,adjective,The factory has stringent quality controls.,这家工厂有严格的质量控制。,"附加词汇"
release,发售,,noun/verb,The new smartphone will be released next month.,这款新智能手机将于下个月发布。,"附加词汇"
role,作用；角色,,noun,Everyone played a key role in the project.,每个人都在项目中扮演了关键角色。,"附加词汇"
look for,寻找,,phrase,I am looking for my keys.,我在找我的钥匙。,"附加词汇"
right,合适的；正确的,,adjective,This is the right tool for the job.,这是完成这项工作的合适工具。,"附加词汇"
take over,接管，接替,,verb phrase,He will take over as manager next week.,他将于下周接任经理。,"附加词汇"
leave,离职；离开,,verb,She decided to leave the company.,她决定离开公司。,"附加词汇"
unanimously,无异议地，全体一致地,,adverb,The proposal was approved unanimously.,该提案获得一致通过。,"附加词汇"
perform,执行，完成,,verb,She performs her duties with great care.,她非常细心地履行职责。,"附加词汇"
favorable,有利的；良好的,,adjective,We received favorable feedback from clients.,我们收到了客户的良好反馈。,"附加词汇"
circumstance,情况，形势；环境,,noun,We must adapt to the new circumstances.,我们必须适应新的环境。,"附加词汇"
strike,罢工,,noun/verb,The transport workers went on strike.,交通运输工人罢工了。,"附加词汇"
plant,工厂,,noun,The company opened a new manufacturing plant.,公司开设了一家新的制造工厂。,"附加词汇"
show up to work,上班,,phrase,All staff showed up to work on time.,所有员工都准时上班了。,"附加词汇"
afterwards,然后，后来,,adverb,We had dinner and went to a movie afterwards.,我们吃了晚饭，然后去看电影了。,"附加词汇"
general hospital,综合医院；总医院,,noun,He was taken to the general hospital.,他被送往了综合医院。,"附加词汇"
opening,(职位)空缺,,noun,There is an opening for an accountant.,有一个会计的职位空缺。,"附加词汇"
certified,被鉴定的,,adjective,She is a certified public accountant.,她是一名注册会计师。,"附加词汇"
immediately,立刻，马上,,adverb,Please reply to this message immediately.,请立即回复这条消息。,"附加词汇"
have a sale,廉价出售,,phrase,The clothing store is having a big sale.,这家服装店正在大减价。,"附加词汇"
with savings of up to,节省到,,phrase,Enjoy discounts with savings of up to 50%.,享受高达50%的折扣。,"附加词汇"
clothing,衣服,,noun,They sell children's clothing.,他们出售儿童服装。,"附加词汇"
in celebration of,为庆祝…,,phrase,We held a party in celebration of the success.,我们举办了一场派对来庆祝成功。,"附加词汇"
anniversary,周年纪念日,,noun,They celebrated their wedding anniversary.,他们庆祝了结婚纪念日。,"附加词汇"
conduct a survey,做调查,,phrase,The company conducted a customer satisfaction survey.,公司进行了一项客户满意度调查。,"附加词汇"
low-paying,工资低的,,adjective,He left his low-paying job.,他辞去了那份低薪工作。,"附加词汇"
concern,关心的事,,noun/verb,Safety is our primary concern.,安全是我们首要关心的事。,"附加词汇"
notify,通知，通告,,verb,Please notify us if your address changes.,如果您的地址有变，请通知我们。,"附加词汇"
celebrate,庆祝，祝贺,,verb,They gathered to celebrate her promotion.,他们聚在一起庆祝她晋升。,"附加词汇"
retail,零售(的),,,noun,He works in retail management.,他从事零售管理工作。,"附加词汇"
part,零件,,noun,We need to replace a broken machine part.,我们需要更换一个损坏的机器零件。,"附加词汇"
request,要求，请求,,noun/verb,We received a request for more information.,我们收到了索取更多信息的请求。,"附加词汇"
authority,权力；当局；权威,,noun,She has the authority to sign contracts.,她有权签署合同。,"附加词汇"
appointment,任命，选派；约定,,noun,I have an appointment with the doctor at 3 PM.,我下午3点有个看医生的预约。,"附加词汇"
imply,暗示，进言；必然包含,,verb,His silence seemed to imply consent.,他的沉默似乎暗示同意。,"附加词汇"
endorsement,赞同，认可；宣传；背书,,noun,The product received an endorsement from a celebrity.,该产品得到了某名人的代言。,"附加词汇"
necessarily,必然地；必须地；必要地,,adverb,Expensive items are not necessarily better.,昂贵的物品不一定更好。,"附加词汇"
barely,仅仅，几乎没有；赤裸裸地,,adverb,He barely had enough time to finish the test.,他几乎没有足够的时间完成测试。,"附加词汇"
install,安装,,verb,They will install the new software tomorrow.,他们明天将安装新软件。,"附加词汇"
alarm system,警报系统,,noun,The building is equipped with an alarm system.,大楼配有警报系统。,"附加词汇"
go off,发出响声,,verb phrase,The smoke detector went off.,烟雾探测器响了。,"附加词汇"
enter,输入(信息)；进入,,verb,Please enter your password here.,请在此处输入您的密码。,"附加词汇"
ensure,确保；保证,,verb,Please check to ensure the door is locked.,请检查以确保门锁好了。,"附加词汇"
confirmation call,确认电话,,noun,You will receive a confirmation call before delivery.,您将在配送前收到确认电话。,"附加词汇"
task,任务，作业,,noun,Your primary task is to write reports.,你的主要任务是写报告。,"附加词汇"
complicated,复杂的,,adjective,The instructions were too complicated.,说明书太复杂了。,"附加词汇"
figure out,解决；计算出,,verb phrase,I need to figure out how this machine works.,我需要弄清楚这台机器是如何运作的。,"附加词汇"
on one’s own,独立地，独自地,,phrase,She completed the project on her own.,她独自完成了这个项目。,"附加词汇"
hesitate,犹豫，踌躇,,verb,Do not hesitate to ask if you have questions.,如果您有问题，请尽管问，不要犹豫。,"附加词汇"
hard,艰苦的；困难的,,adjective,It was a hard decision to make.,这是一个艰难的决定。,"附加词汇"
sound,殷实的，资金充实的；健全的,,adjective,The company is in a sound financial position.,公司的财务状况很健全。,"附加词汇"
conference room,会议室,,noun,The meeting is being held in the conference room.,会议正在会议室举行。,"附加词汇"
discuss,讨论,,verb,We need to discuss the new strategy.,我们需要讨论新策略。,"附加词汇"
budget,预算,,noun,We need to stay within our budget.,我们需要控制在预算之内。,"附加词汇"
announce,宣布,,verb,The company announced a new product line.,公司宣布了一条新的产品线。,"附加词汇"
be busy ~ing,忙于做某事,,phrase,She is busy preparing for the presentation.,她正忙着准备演讲。,"附加词汇"
train,训练,,verb,The company trains new employees every month.,公司每个月培训新员工。,"附加词汇"
replacement,接替者,,noun,We are looking for a replacement for John.,我们正在寻找约翰的接替者。,"附加词汇"
mortgage,抵押，按揭,,noun,They applied for a home mortgage.,他们申请了房屋按揭贷款。,"附加词汇"
rate,利率，率,,noun,The bank lowered its interest rate.,银行降低了利率。,"附加词汇"
reveal,透露，泄露,,verb,He refused to reveal the secret.,他拒绝透露这个秘密。,"附加词汇"
cut,削减，降低,,noun/verb,The company announced budget cuts.,公司宣布了预算削减。,"附加词汇"
key,重要的，关键的,,adjective,Communication is key to success.,沟通是成功的关键。,"附加词汇"
across the board,全面地,,phrase,The store announced price cuts across the board.,这家店宣布全面降价。,"附加词汇"
decrease,减少，减小,,noun/verb,There was a decrease in sales this month.,本月销售额有所下降。,"附加词汇"
except for,除…以外,,phrase,Everyone attended the meeting except for Tom.,除了汤姆，大家都参加了会议。,"附加词汇"
lower,降低,,verb,Please lower your voice.,请把声音放低。,"附加词汇"
jump on the wagon,随波逐流,,phrase,Many companies jumped on the digital marketing wagon.,许多公司顺应潮流加入了数字营销行列。,"附加词汇"
plan to do,计划做某事,,phrase,We plan to expand our business overseas.,我们计划将业务扩展到海外。,"附加词汇"
reduce,减少，降低,,verb,We need to reduce costs.,我们需要降低成本。,"附加词汇"
exact,确切的；准确的,,adjective,Can you give me the exact figures?,你能给我准确的数字吗？,"附加词汇"
unknown,未知的,,adjective,The cause of the problem is still unknown.,问题的起因仍然未知。,"附加词汇"
insider,知情人，了解内幕者,,noun,According to an insider, the deal was cancelled.,据内部人士透露，这笔交易被取消了。,"附加词汇"
predict,预计，预言,,verb,Experts predict a rise in inflation.,专家预计通货膨胀率会上升。,"附加词汇"
reduction,减少，降低,,noun,A reduction in staff is expected.,预计将会裁员。,"附加词汇"
similar to,类似于…，与…相似,,phrase,His style is similar to mine.,他的风格和我的很相似。,"附加词汇"
surplus,剩余，盈余,,noun,The country has a trade surplus.,该国拥有贸易顺差。,"附加词汇"
net,净的,,adjective,What is your net income after tax?,你税后的净收入是多少？,"附加词汇"
wealth,财富,,noun,He accumulated great wealth through real estate.,他通过房地产积累了巨大的财富。,"附加词汇"
strategy,策略，战略,,noun,We need a new marketing strategy.,我们需要一个新的营销策略。,"附加词汇"
investment,投资,,noun,Real estate is a good investment.,房地产是一项不错的投资。,"附加词汇"
adviser,顾问,,noun,She works as a financial adviser.,她是一名财务顾问。,"附加词汇"
look to,寻找,,phrase,We are looking to hire a new designer.,我们正打算招一个新设计师。,"附加词汇"
get on the path to,通往…的道路,,phrase,Education helps people get on the path to success.,教育帮助人们走上成功之路。,"附加词汇"
financial,金融的，财务的,,adjective,The company is facing financial difficulties.,公司正面临财务困难。,"附加词汇"
be sure of,对…有把握，确信…,,phrase,I am sure of his honesty.,我确信他是诚实的。,"附加词汇"
take steps,采取步骤，采取措施,,phrase,The government took steps to control inflation.,政府采取了措施控制通货膨胀。,"附加词汇"
existing,现有的,,adjective,We need to improve our existing services.,我们需要改进现有的服务。,"附加词汇"
investment portfolio,投资业务，投资组合,,phrase,He diversified his investment portfolio.,他多元化了他的投资组合。,"附加词汇"
do one’s job,运作；做好自己的工作,,phrase,Everyone must do their job properly.,每个人都必须做好本职工作。,"附加词汇"
shake up,重大调整，重组,,noun,The company announced a major management shake up.,公司宣布了一次重大的管理层重组。,"附加词汇"
middle-income earners,中等收入者,,noun,Tax cuts will benefit middle income earners.,减税将惠及中等收入者。,"附加词汇"
express one’s opinion on,就…发表自己的意见,,phrase,Feel free to express your opinion on this matter.,请就此事畅所欲言。,"附加词汇"
honest,诚实的，坦率的,,adjective,To be honest, I didn't like the movie.,老实说，我不太喜欢这部电影。,"附加词汇"
straightforward,明确的，直接的,,adjective,The instructions were clear and straightforward.,说明书清晰明了。,"附加词汇"
unbiased,没有偏见的,,adjective,We need an unbiased report.,我们需要一份客观公正的报告。,"附加词汇"
support,帮助，支持,,noun/verb,Thank you for your continuous support.,感谢您一直以来的支持。,"附加词汇"
financial goals,财务目标,,phrase,We help clients achieve their financial goals.,我们帮助客户实现他们的财务目标。,"附加词汇"
get ahead on,从…中受益；获得成功,,phrase,Hard work helps you get ahead in life.,努力工作助你在生活中获得成功。,"附加词汇"
effective,有效的,,adjective,This is an effective way to learn English.,这是学习英语的有效方法。,"附加词汇"
investing technique,投资技术,,phrase,He shared his investing techniques with us.,他与我们分享了他的投资技巧。,"附加词汇"
amass,收集，积聚,,verb,He amassed a huge fortune.,他积累了巨额财富。,"附加词汇"
fortune,财富,,noun,She inherited a large fortune.,她继承了一大笔财富。,"附加词汇"
property,资产,,noun,The company owns several pieces of property.,公司拥有几处房产。,"附加词汇"
promote,促进,,verb,The campaign promotes healthy eating.,这项运动倡导健康饮食。,"附加词汇"
cycling,自行车运动,,noun,Cycling is a great way to stay fit.,骑自行车是保持身材的好方法。,"附加词汇"
essential,必要的，必不可少的,,adjective,Water is essential for life.,水是生命必不可少的。,"附加词汇"
element,组成部分，成分,,noun,Trust is a key element of any relationship.,信任是任何关系的关键要素。,"附加词汇"
transportation,运输，交通,,noun,Public transportation is very convenient here.,这里的公共交通非常便利。,"附加词汇"
recognize,认识到,,verb,We must recognize the importance of education.,我们必须认识到教育的重要性。,"附加词汇"
develop,发展，开发,,verb,The city is developing rapidly.,这座城市正在快速发展。,"附加词汇"
development plan,发展计划,,noun,The city council approved the development plan.,市议会批准了发展计划。,"附加词汇"
addition,增加，添加,,noun,The new gym is a great addition to the hotel.,新健身房是酒店的一个绝佳设施。,"附加词汇"
access,通路，进入,,noun/verb,Students have 24-hour access to the library.,学生可以24小时进出图书馆。,"附加词汇"
intention,目的，意图,,noun,It was not my intention to offend you.,我并非有意冒犯你。,"附加词汇"
encourage,鼓励，支持，激励,,verb,Teachers should encourage students to ask questions.,老师应该鼓励学生提问。,"附加词汇"
participation,参与，参加,,noun,Thank you for your active participation.,感谢您的积极参与。,"附加词汇"
in an effort to do,努力做某事,,phrase,They cut prices in an effort to boost sales.,他们降价是为了促进销售。,"附加词汇"
mimic,模仿；像，似,,verb,Some birds can mimic human speech.,有些鸟类能模仿人类说话。,"附加词汇"
benefit,好处，益处,,noun/verb,Regular exercise has many health benefits.,经常锻炼有很多健康益处。,"附加词汇"
such as,例如,,phrase,I like sports such as tennis and swimming.,我喜欢网球和游泳等运动。,"附加词汇"
pollution,污染,,noun,Air pollution is a major problem in big cities.,空气污染是大城市的一个主要问题。,"附加词汇"
traffic congestion,交通堵塞,,noun,Traffic congestion is worst during rush hour.,交通堵塞在高峰时段最严重。,"附加词汇"
advantage,优点，优势；有利条件,,noun,Experience is a big advantage in a job interview.,在面试中经验是一个很大的优势。,"附加词汇"
coordinate,使协调，使搭配,,verb,We need to coordinate our efforts.,我们需要协调各自的努力。,"附加词汇"
interconnect,使互相连接,,verb,All the computers in the office are interconnected.,办公室里的所有电脑都是联网的。,"附加词汇"
surrounding,周围的,,adjective,They explored the surrounding countryside.,他们探索了周围的乡村。,"附加词汇"
setting up,建立，创立,,phrase,They are setting up a new branch office.,他们正在筹建一个新的分公司。,"附加词汇"
provide,提供,,verb,The hotel provides free Wi-Fi for guests.,酒店为客人提供免费无线网络。,"附加词汇"
proposal,建议，提议,,noun,The board of directors approved the proposal.,董事会批准了这项提议。,"附加词汇"
further,更多的，进一步的,,adjective/adverb,For further information, please contact us.,欲了解更多信息，请联系我们。,"附加词汇"
submission,提交，递呈,,noun,The deadline for report submission is Friday.,报告提交的截止日期是周五。,"附加词汇"
form,表单，表格,,noun,Please fill out this application form.,请填写这张申请表。,"附加词汇"
available,可获得的,,adjective,Tickets are available online.,门票可以在网上买到。,"附加词汇"
on behalf of,代表…,,phrase,I am writing on behalf of my company.,我谨代表我的公司写信。,"附加词汇"
would like to do,愿意/意欲做某事,,phrase,I would like to book a room.,我想预订一个房间。,"附加词汇"
hospitality,款待；亲切，殷勤,,noun,Thank you for your wonderful hospitality.,感谢您热情周到的款待。,"附加词汇"
operation,运转，运作,,noun,The factory is back in operation.,这家工厂恢复运营了。,"附加词汇"
setup,设备，装备,,noun,The office has a modern computer setup.,办公室拥有现代化的电脑配置。,"附加词汇"
be impressed with,对…印象深刻,,phrase,We were impressed with her presentation.,她的演讲给我们留下了深刻印象。,"附加词汇"
secure,安全的；可靠的,,adjective,Make sure your password is secure.,确保你的密码是安全的。,"附加词汇"
extend one’s gratitude,表达某人的感激之情,,phrase,I want to extend my gratitude to all of you.,我想向大家表达我的感激之情。,"附加词汇"
in the foreseeable future,在可以预见的未来，在不久的将来,,phrase,Prices will remain stable in the foreseeable future.,在可预见的未来，价格将保持稳定。,"附加词汇"
explore,探索,,verb,They went to explore the ancient city.,他们去探索那座古城。,"附加词汇"
expand,扩展，发展(业务),,,verb,The company plans to expand its overseas market.,公司计划拓展海外市场。,"附加词汇"
synergy,增效作用，协同作用,,noun,Teamwork creates a great synergy.,团队合作创造了巨大的协同效应。,"附加词汇"
pursue,追求，致力于,,verb,She decided to pursue a career in law.,她决定从事法律行业。,"附加词汇"
business partnership,商业伙伴关系,,phrase,They formed a long-term business partnership.,他们建立了长期的商业伙伴关系。,"附加词汇"
look forward to,期待，盼望,,phrase,I look forward to hearing from you soon.,我期待着您的早日回复。,"附加词汇"
response,回答，答复,,noun,We await your prompt response.,我们等待您的迅速回复。,"附加词汇"
celebration,庆祝，庆祝会,,noun,Preparations for the celebration are underway.,庆祝活动的筹备工作正在进行中。,"附加词汇"
opportunity,机会，机遇,,noun,This job is a great opportunity for me.,这份工作对我是个绝佳的机会。,"附加词汇"
exchange,交换,,noun/verb,We exchanged business cards.,我们交换了名片。,"附加词汇"
informal,非正式的，不拘礼的,,adjective,It was an informal meeting among friends.,这是朋友之间的一场非正式会面。,"附加词汇"
atmosphere,气氛,,noun,The restaurant has a cozy atmosphere.,这家餐厅有着温馨的氛围。,"附加词汇"
tradition,传统，惯例,,noun,It is a tradition to eat turkey on Thanksgiving.,感恩节吃火鸡是个传统。,"附加词汇"
superb,极好的,,adjective,The food at the restaurant was superb.,这家餐厅的食物棒极了。,"附加词汇"
functions,社交聚会，宴会,,noun,The hotel hosts various social functions.,这家酒店举办各种社交聚会。,"附加词汇"
convince,说服,,verb,He managed to convince her to join the team.,他设法说服她加入了团队。,"附加词汇"
officially,正式地,,adverb,The new office was officially opened today.,新办公室于今天正式启用。,"附加词汇"
spouse,配偶，夫妻,,noun,Employees can bring their spouses to the party.,员工可以带配偶参加派对。,"附加词汇"
significant,重要的,,adjective,There has been a significant increase in profits.,利润有了显著增长。,"附加词汇"
memorable,值得纪念的，难忘的,,adjective,It was a memorable trip.,这是一次难忘的旅行。,"附加词汇"
yearly,每年的，一年一次的,,adjective,We have a yearly performance review.,我们每年进行一次绩效考核。,"附加词汇"
upcoming,即将来临的,,adjective,We are preparing for the upcoming conference.,我们正在筹备即将到来的会议。,"附加词汇"
sign,签署；在…上签字,,verb,Please sign the document here.,请在这里签署文件。,"附加词汇"
employee,雇员，受雇者,,noun,The company has over 500 employees.,这家公司有500多名员工。,"附加词汇"
yet,尚(未)，还,,adverb,She hasn't finished her report yet.,她还没写完报告。,"附加词汇"
contractor,立约人；承包商,,noun,We hired a contractor to renovate the kitchen.,我们雇了一个承包商来翻修厨房。,"附加词汇"
be aware of,意识到,,phrase,Are you aware of the new rules?,你知道新规定吗？,"附加词汇"
drop by,顺道拜访；造访,,phrase,Feel free to drop by my office anytime.,随时欢迎顺道来我办公室。,"附加词汇"
make it,赶上,,phrase,I'm sorry, but I won't make it to the meeting.,我很抱歉，我赶不上开会了。,"附加词汇"
on time,按时,,phrase,The train arrived right on time.,火车准点到达。,"附加词汇"
co-worker,同事,,noun,She gets along well with her co-workers.,她和同事们相处得很好。,"附加词汇"
workplace,workplace 工作场所,,noun,Safety in the workplace is important.,工作场所的安全很重要。,"附加词汇"
guideline,指南，指导,,noun,Please follow the company guidelines.,请遵循公司的指导方针。,"附加词汇"
address,称呼,,verb,How should I address the manager?,我该如何称呼这位经理？,"附加词汇"
grateful,感谢的，感激的,,adjective,I am very grateful for your help.,非常感谢您的帮助。,"附加词汇"
appropriate,适当的，合适的,,adjective,Wear appropriate clothing for the interview.,面试时请穿合适的衣服。,"附加词汇"
handcraft,手工艺品,,noun,She sells handmade crafts online.,她在网上出售手工艺品。,"附加词汇"
assure,使确信,,verb,I can assure you that the job will be done.,我向你保证工作会完成的。,"附加词汇"
jet-lagged,有时差反应的,,adjective,He felt jet-lagged after the long flight.,长途飞行后他感到有时差反应。,"附加词汇"
registration,登记，注册,,noun,Online registration is required.,需要进行网上注册。,"附加词汇"
paperwork,文书工作,,noun,I have to finish some paperwork before leaving.,我走之前得处理一些文书工作。,"附加词汇"
prompt,迅速的，敏捷的,,adjective,Thank you for your prompt reply.,感谢您的迅速回复。,"附加词汇"
rapport,融洽(关系),,,noun,She builds a good rapport with her clients.,她与客户建立了良好的融洽关系。,"附加词汇"
settle in,安顿下来，适应(新环境),,,phrase,It takes a few days to settle in.,需要几天时间才能安顿下来。,"附加词汇"
equipment,设备，装备,,noun,The office bought new computer equipment.,办公室买新电脑设备了。,"附加词汇"
tailor-made,定做的,,adjective,The suit was tailor-made for him.,这套西装是为他量身定做的。,"附加词汇"
motivated,有积极性的,,adjective,Motivated employees work harder.,有积极性的员工工作更努力。,"附加词汇"
assigned,指定的,,adjective,Please complete your assigned tasks.,请完成你分配到的任务。,"附加词汇"
guidance,指导,,noun,Thank you for your guidance.,谢谢你的指导。,"附加词汇"
treadmill,跑步机,,noun,I run on the treadmill every morning.,我每天早上都在跑步机上跑步。,"附加词汇"
absolutely,完全地；绝对地,,adverb,You are- absolutely right.,你是绝对正确的。,"附加词汇"
affordable,付得起的,,adjective,The restaurant offers affordable meals.,这家餐厅提供价格实惠的餐食。,"附加词汇"
membership,会员资格,,noun,She applied for a gym membership.,她申请了健身房会员。,"附加词汇"
consultation,咨询，请教,,noun,You can book a free consultation.,你可以预约一次免费咨询。,"附加词汇"
athlete,运动员,,noun,The athlete won a gold medal.,这位运动员赢得了一枚金牌。,"附加词汇"
competition,比赛,,noun,She entered a singing competition.,她参加了一场歌唱比赛。,"附加词汇"
nudge,推进，敦促,,verb,He nudged his friend to speak up.,他推了推朋友让他大声说。,"附加词汇"
continuation,延续，继续,,noun,This project is a continuation of our previous work.,这个项目是我们以前工作的延续。,"附加词汇"
lesson,课程,,noun,He takes piano lessons every week.,他每周上钢琴课。,"附加词汇"
personalized,个人化的,,adjective,We offer personalized services.,我们提供个性化服务。,"附加词汇"
vicinity,邻近；接近,,noun,There are several schools in the vicinity.,附近有好几所学校。,"附加词汇"
emergency,紧急情况，突然事件,,noun,In case of an emergency, call 911.,如果遇到紧急情况，请拨打911。,"附加词汇"
developing,(照片)冲印，显影,,noun,The film is ready for developing.,胶卷准备冲洗了。,"附加词汇"
ext.,分机号码,,noun,Please call me at extension 402.,请拨打402分机找我。,"附加词汇"
assistance,帮助，援助,,noun,Do you need any assistance?,你需要帮助吗？,"附加词汇"
luggage,行李,,noun,Please check your luggage before leaving.,离开前请检查您的行李。,"附加词汇"
gym,健身房,,noun,I go to the gym three times a week.,我一周去三次健身房。,"附加词汇"
basement,地下室,,noun,The parking lot is located in the basement.,停车场位于地下室。,"附加词汇"
withdraw,取(款),,,verb,I need to withdraw some money from the ATM.,我需要从自动取款机取点钱。,"附加词汇"
memorandum,备忘录，便笺,,noun,She circulated a memo to all staff.,她向全体员工发了一份备忘录。,"附加词汇"
advertising,广告,,noun,They spend a lot on advertising.,他们在广告上花了很多钱。,"附加词汇"
infant,婴儿，幼儿,,noun,The airline provides special meals for infants.,航空公司为婴儿提供特别餐食。,"附加词汇"
attempt,尝试,,noun/verb,He made an attempt to escape.,他尝试过逃跑。,"附加词汇"
anticipate,期望，盼望,,verb,We anticipate a large turnout for the event.,我们预计这次活动的出席人数会很多。,"附加词汇"
commercial,广告节目,,noun,The TV show was interrupted by commercials.,电视节目被广告打断了。,"附加词汇"
showing,放映,,noun,The movie's evening showing is sold out.,这部电影的晚场放映票已售罄。,"附加词汇"
feature,特载,,noun/verb,The magazine features a story on technology.,这杂志刊登了一篇关于科技的报道。,"附加词汇"
illustration,插图,,noun,The book is full of colorful illustrations.,这本书里充满了色彩斑斓的插图。,"附加词汇"
discount,折扣,,noun,Students get a 10% discount.,学生可享受10%的折扣。,"附加词汇"
recruit,征募,,verb,The company is recruiting new engineers.,公司正在招聘新工程师。,"附加词汇"
documentary,纪录片,,noun,We watched a documentary about wildlife.,我们看了一部关于野生动物的纪录片。,"附加词汇"
spokesperson,代言人,,noun,The company spokesperson made a statement.,公司发言人发表了声明。,"附加词汇"
target,目标,,noun/verb,Our target is to increase sales by 20%.,我们的目标是将销售额提高20%。,"附加词汇"
product,产品,,noun,They launched a new tech product.,他们推出了一款新科技产品。,"附加词汇"
launch,上市,,verb,The new model will launch next month.,新款将于下个月上市。,"附加词汇"
affect,影响,,verb,Bad weather can affect flight schedules.,恶劣天气会影响航班时刻表。,"附加词汇"
ragweed,豚草,,noun,Ragweed pollen causes allergies in autumn.,豚草花粉会在秋天引起过敏。,"附加词汇"
allergy,过敏,,noun,He has a severe peanut allergy.,他对花生严重过敏。,"附加词汇"
suffer,患病，受病痛折磨,,verb,Many people suffer from seasonal allergies.,许多人患有季节性过敏。,"附加词汇"
sneeze,打喷嚏,,verb,Dust always makes me sneeze.,灰尘总让我打喷嚏。,"附加词汇"
runny,流鼻涕的,,adjective,He has a runny nose and a cough.,他流鼻涕还咳嗽。,"附加词汇"
itchy,痒的,,adjective,My eyes are watery and itchy.,我的眼睛又流泪又发痒。,"附加词汇"
watery,(眼睛)泪汪汪的,,adjective,The flu left her with watery eyes.,流感让她眼泪汪汪。,"附加词汇"
institute,研究所，协会,,noun,He works at a research institute.,他在一家研究所工作。,"附加词汇"
volunteer,志愿者,,noun/verb,She works as a hospital volunteer.,她在医院当志愿者。,"附加词汇"
participate,参加，参与,,verb,Everyone is encouraged to participate.,鼓励大家积极参与。,"附加词汇"
experimental,实验的,,adjective,The drug is still at the experimental stage.,这种药物仍处于实验阶段。,"附加词汇"
qualification,资格,,noun,What qualifications do you need for this job?,做这份工作需要什么资格？,"附加词汇"
procedure,程序，步骤,,noun,Follow the correct safety procedures.,遵循正确的安全程序。,"附加词汇"
compensation,补偿金,,noun,He received compensation for the injury.,他因受伤获得了赔偿。,"附加词汇"
contribute,贡献,,verb,Everyone contributed to the project's success.,每个人都为项目的成功做出了贡献。,"附加词汇"
regular,正常的,,adjective,This is a regular check-up.,这是一次常规检查。,"附加词汇"
medical,医学的,,adjective,She needs immediate medical attention.,她需要立即接受医疗救治。,"附加词汇"
breakthrough,突破，突破性进展,,noun,Scientists made a major medical breakthrough.,科学家取得了一项重大的医学突破。,"附加词汇"
cure,治疗，治愈,,noun/verb,Scientists are searching for a cure for the disease.,科学家们正在寻找治愈这种疾病的方法。,"附加词汇"
spread,传播，蔓延,,verb,The news spread quickly.,消息传得很快。,"附加词汇"
come forward,自告奋勇，自愿,,phrase,Several witnesses came forward with information.,几名目击者主动提供线索。,"附加词汇"
climate,气候,,noun,The climate here is very mild.,这里的气候非常温和。,"附加词汇"
specific,具体的,,adjective,Could you be more specific?,你能具体点吗？,"附加词汇"
participant,参加者，参与者,,noun,All participants must register online.,所有参与者都必须在线注册。,"附加词汇"
condition,条件，状况,,noun,The car is in excellent condition.,这辆车状况极佳。,"附加词汇"
contribution,贡献,,noun,Thank you for your valuable contribution.,感谢您宝贵的贡献。,"附加词汇"
deny,拒绝,,verb,He denies any involvement in the crime.,他否认参与这起犯罪。,"附加词汇"
agency,代理，机构,,noun,She works for a travel agency.,她在一家旅行社工作。,"附加词汇"
bankruptcy,破产，倒闭,,noun,The company filed for bankruptcy.,这家公司申请了破产。,"附加词汇"
debt,债，债务,,noun,He is trying to pay off his debts.,他正试图还清债务。,"附加词汇"
exclusive,独家的，专有的,,adjective,This is an exclusive interview.,这是一次独家采访。,"附加词汇"
compliance,按照，遵照,,noun,The company ensures compliance with safety laws.,公司确保遵守安全法。,"附加词汇"
repair,恢复，修复,,noun/verb,My phone is in for repair.,我的手机送修了。,"附加词汇"
legally,合法地,,adverb,The contract is legally binding.,这份合同具有法律约束力。,"附加词汇"
strictly,严格地,,adverb,Smoking is strictly prohibited here.,这里严禁吸烟。,"附加词汇"
confidential,秘密的，机密的,,adjective,This information is strictly confidential.,此信息为绝密。,"附加词汇"
consolidate,合并,,verb,The two companies decided to consolidate.,两家公司决定合并。,"附加词汇"
tax breaks,减税，税额优惠,,phrase,The government offered tax breaks for small businesses.,政府为小企业提供了税收减免。,"附加词汇"
income tax,所得税,,noun,How much income tax do you pay?,你交多少所得税？,"附加词汇"
invest,投资,,verb,He decided to invest in real estate.,他决定投资房地产。,"附加词汇"
potential,潜在的，可能的,,adjective/noun,We see great potential in this market.,我们在这个市场看到了巨大的潜力。,"附加词汇"
counseling,咨询服务,,noun,She offers career counseling.,她提供职业咨询服务。,"附加词汇"
manufacturing,制造业,,noun,He works in the manufacturing sector.,他在制造业工作。,"附加词汇"
take time off,休假，请假,,phrase,I need to take a few days off.,我需要请几天假。,"附加词汇"
sightseeing,观光,,noun,We went sightseeing in Paris.,我们在巴黎观光了。,"附加词汇"
acquire,得到，购得,,verb,The company acquired a smaller rival.,这家公司收购了一个较小的竞争对手。,"附加词汇"
language skills,语言能力,,phrase,Good language skills are required for the job.,这份工作需要良好的语言能力。,"附加词汇"
permission,许可,,noun,You need permission to enter this room.,进这个房间需要获得许可。,"附加词汇"
extend,延长,,verb,The deadline was extended by two days.,截止日期延长了两天。,"附加词汇"
justify,对…做出解释，证明…是正当的,,verb,How can you justify your actions?,你如何证明你的行为是正当的？,"附加词汇"
update,最新信息,,noun/verb,Please check for the latest software update.,请检查最新的软件更新。,"附加词汇"
negotiate,谈判,,verb,They are trying to negotiate a better deal.,他们正试图谈判达成一个更好的交易。,"附加词汇"
valid,有效的,,adjective,Your passport is still valid.,你的护照仍然有效。,"附加词汇"
in conjunction with,与…一起,,phrase,The event was held in conjunction with local businesses.,该活动与当地企业联合举办。,"附加词汇"
exclude,把…排除在外,,verb,The price does not exclude tax.,价格不含税。,"附加词汇"
in cash,用现金付账,,phrase,Can I pay in cash?,我可以用现金付账吗？,"附加词汇"
regular price,正常价格,,phrase,The item is on sale at half the regular price.,这件商品半价出售。,"附加词汇"
ergonomic,人体工学的,,adjective,He bought an ergonomic chair for his office.,他为办公室买了一把人体工学椅。,"附加词汇"
shipping,(货物的)运输,,noun,Shipping is free for orders over $50.,满50美元订单免运费。,"附加词汇"
organize,组织,,verb,She organized a charity event.,她组织了一场慈善活动。,"附加词汇"
convention,大会，会议,,noun,The annual tech convention is held in Las Vegas.,年度科技大会在拉斯维加斯举行。,"附加词汇"
festival,节日；庆祝,,noun,The music festival attracts thousands of fans.,音乐节吸引了成千上万的粉丝。,"附加词汇"
corporate,公司的,,adjective,He works in corporate finance.,他从事公司财务工作。,"附加词汇"
complaint,投诉，抱怨,,noun,We received a customer complaint.,我们收到了一起客户投诉。,"附加词汇"
lectern,讲台,,noun,The speaker stood behind the lectern.,演讲者站在讲台后面。,"附加词汇"
exposition,博览会，展览会,,noun,She attended the trade exposition.,她参加了贸易博览会。,"附加词汇"
pop-up,有弹起装置的,,adjective,A pop-up window appeared on the screen.,屏幕上弹出一个窗口。,"附加词汇"
unfortunate,不幸的,,adjective,It was an unfortunate accident.,这是一场不幸的事故。,"附加词汇"
originally,本来，原来,,adverb,The meeting was originally scheduled for Monday.,会议原本定于周一举行。,"附加词汇"
suggestion,建议，提议,,noun,Thank you for your valuable suggestions.,谢谢你宝贵的建议。,"附加词汇"
inventory,存货清单，详细目录,,noun,The store is closed for inventory.,商店关门盘点库存。,"附加词汇"
eventually,终于，最后,,adverb,He eventually realized his mistake.,他终于意识到了自己的错误。,"附加词汇"
outsource,外包,,verb,The company decided to outsource customer service.,公司决定将客服外包。,"附加词汇"
process,进程，过程,,noun/verb,Learning a language is a slow process.,学习一门语言是一个缓慢的过程。,"附加词汇"
apologize,道歉,,verb,I want to apologize for the delay.,我想为延误道歉。,"附加词汇"
prestige,名贵的，讲究派头的,,adjective,It is a school with high prestige.,这是一所声誉崇高的学校。,"附加词汇"
discerning,有识别力的；敏锐的,,adjective,The restaurant caters to discerning diners.,这家餐厅迎合挑剔的食客。,"附加词汇"
real estate,房地产,,noun,He works in real estate.,他从事房地产工作。,"附加词汇"
residence,住宅，宅邸,,noun,This building is the President's official residence.,这栋建筑是总统的官邸。,"附加词汇"
upscale,高消费阶层的，迎合高层次消费者的,,adjective,They live in an upscale neighborhood.,他们住在高档社区。,"附加词汇"
mansion,公寓,,noun,They live in a large mansion.,他们住在一栋大宅邸里。,"附加词汇"
sloping,倾斜的，有坡度的,,adjective,The house is built on a sloping hill.,房子建在倾斜的山坡上。,"附加词汇"
tastefully,风雅地，高雅地,,adverb,The room was tastefully decorated.,房间布置得很有品味。,"附加词汇"
stunning,漂亮的,,adjective,She wore a stunning dress.,她穿了一件极漂亮的裙子。,"附加词汇"
sandstone,砂岩,,noun,The historic building is made of sandstone.,这座历史建筑是由砂岩建造的。,"附加词汇"
conversion,建筑,,noun,The old warehouse underwent a conversion into apartments.,旧仓库被改造成了公寓。,"附加词汇"
vibrant,充满活力的,,adjective,Tokyo is a vibrant city.,东京是一个充满活力的城市。,"附加词汇"
tranquil,安静的,,adjective,We spent a tranquil weekend in the countryside.,我们在乡度过了宁静的周末。,"附加词汇"
courtyard,庭院，天井,,noun,The hotel has a lovely courtyard.,这家酒店有一个可爱的庭院。,"附加词汇"
endeavor,努力,,noun/verb,His endeavor to succeed paid off.,他取得成功的努力有了回报。,"附加词汇"
sophisticated,不落俗套的,,adjective,She has a sophisticated taste in art.,她对艺术有着成熟且独特的品味。,"附加词汇"
semi-circular,半圆的,,adjective,The room has a semi-circular window.,房间里有一扇半圆形的窗户。,"附加词汇"
adjoin,毗邻，邻接,,verb,His office adjoins mine.,他的办公室与我的办公室相邻。,"附加词汇"
inspection,参观，视察,,noun/verb,The factory is open for safety inspection.,工厂正开放进行安全检查。,"附加词汇"
exhibition,展览,,noun,We visited an art exhibition.,我们参观了一个艺术展。,"附加词汇"
attention,注意，关注,,noun,May I have your attention, please?,请大家注意一下好吗？,"附加词汇"
architect,建筑师,,noun,The architect designed the new museum.,这位建筑师设计了这座新博物馆。,"附加词汇"
candidate,求职者，候选人,,noun,There are three candidates for the job.,有三位候选人竞争这份工作。,"附加词汇"
interviewer,面试官,,noun,The interviewer asked me a difficult question.,面试官问了我一个难题。,"附加词汇"
record,录音,,noun/verb,Please record the meeting.,请把会议录音。,"附加词汇"
inform,通知,,verb,Please inform us of any changes.,如有任何变动请通知我们。,"附加词汇"
termination,终止,,noun,The contract allows for early termination.,合同允许提前终止。,"附加词汇"
impression,印象,,noun,He made a good impression at the interview.,他在面试中留下了好印象。,"附加词汇"
R&D Department,研发部门,,noun,She works in the R&D department.,她在研发部门工作。,"附加词汇"
consideration,考虑,,noun,Thank you for your consideration.,感谢您的考虑。,"附加词汇"
committee,委员会,,noun,The committee approved the plan.,委员会批准了该计划。,"附加词汇"
annual salary,年薪,,phrase,The position offers an attractive annual salary.,这个职位提供诱人的年薪。,"附加词汇"
paid vacation,带薪假期,,phrase,Employees are entitled to two weeks of paid vacation.,员工有权享受两周的带薪假期。,"附加词汇"
comprehensive,综合的，全面的,,adjective,We offer comprehensive insurance coverage.,我们提供全面的保险保障。,"附加词汇"
identical,相同的，一致的,,adjective,Their opinions are identical.,他们的观点完全一致。,"附加词汇"
financial assistance,经济支持,,phrase,He applied for financial assistance for his studies.,他申请了学业经济资助。,"附加词汇"
turn down,拒绝,,verb phrase,She had to turn down the offer.,她不得不拒绝这个提议。,"附加词汇"
terms,条件；项目,,noun,Please read the terms and conditions.,请阅读条款和条件。,"附加词汇"
annual,一年一次的,,adjective,The company holds an annual meeting.,公司每年举行一次会议。,"附加词汇"
fundraiser,资金募集活动，募捐,,noun,They held a charity fundraiser.,他们举办了一场慈善募捐活动。,"附加词汇"
proceeds,收入，收益,,noun,All proceeds will go to charity.,所有收益将捐给慈善机构。,"附加词汇"
community,社区,,noun,We serve the local community.,我们服务当地社区。,"附加词汇"
the elderly,老人,,noun,The center provides care for the elderly.,该中心为老人提供照料。,"附加词汇"
cashier,收银员,,noun,Please pay at the cashier.,请在收银台付款。,"附加词汇"
item,商品,,noun,She added several items to her shopping cart.,她在购物车里添加了几件商品。,"附加词汇"
total,总计，总数,,noun/verb,The total cost was $100.,总费用是100美元。,"附加词汇"
amount,数额,,noun,The amount of money needed is huge.,所需的金额巨大。,"附加词汇"
change,零钱，找头,,noun/verb,Keep the change.,不用找零了。,"附加词汇"
thoroughly,完全地，非常,,adverb,Please read the contract thoroughly.,请仔细阅读合同。,"附加词汇"
reattach,重新安装,,verb,He reattached the broken handle.,他把断了的把手重新装上了。,"附加词汇"
refund,退款,,noun/verb,I would like to request a refund.,我想申请退款。,"附加词汇"
have a chat with sb.,与某人聊天,,phrase,Can I have a chat with you?,我能跟你聊聊吗？,"附加词汇"
staff,员工,,noun,The company has a friendly staff.,公司有一支友善的员工队伍。,"附加词汇"
revision,修订,,noun,The document is ready for revision.,这份文件可以准备修订了。,"附加词汇"
time off,休假,,phrase,She requested a day off.,她请了一天假。,"附加词汇"
orally,口头上地,,adverb,The agreement was made orally.,协议是口头达成的。,"附加词汇"
fill out,填写,,phrase,Please fill out this form.,请填写这张表格。,"附加词汇"
submit,提交,,verb,Submit your application before Friday.,在周五之前提交你的申请。,"附加词汇"
immediate supervisor,直接上级，直接领导,,phrase,Report any issues to your immediate supervisor.,向你的直接上级汇报任何问题。,"附加词汇"
obtain,获得,,verb,You can obtain a map at the front desk.,你可以前台领一份地图。,"附加词汇"
department,部门,,noun,She works in the marketing department.,她在市场部工作。,"附加词汇"
in advance,提前,,phrase,Please book your tickets in advance.,请提前订票。,"附加词汇"
consecutive,连续的,,adjective,It rained for three consecutive days.,连续下了三天雨。,"附加词汇"
carry out,执行，完成,,verb phrase,We must carry out the plan.,我们必须执行这个计划。,"附加词汇"
extended family,大家庭,,phrase,They live with their extended family.,他们和大家庭住在一起。,"附加词汇"
attach,附上,,verb,Please attach your resume to the email.,请将简历附在邮件中。,"附加词汇"
scan,扫描,,verb,Please scan this QR code.,请扫描这个二维码。,"附加词汇"
courthouse,法院,,noun,The trial took place at the courthouse.,审判在法院举行。,"附加词汇"
currently,目前,,adverb,He is currently working on a new project.,他目前正在做一个新项目。,"附加词汇"
look over,翻阅,,verb phrase,Please look over the report.,请翻阅一下这份报告。,"附加词汇"
upload,上传,,verb,Upload your photo to the website.,把你的照片上传到网站上。,"附加词汇"
normally,通常地,,adverb,Normally, I wake up at 7 AM.,我通常早上7点醒来。,"附加词汇"
decline,婉拒,,verb,She had to decline the invitation.,她不得不婉拒邀请。,"附加词汇"
written plan,书面计划,,phrase,Submit a written plan by tomorrow.,明天前提交一份书面计划。,"附加词汇"
reconsider,重新考虑,,verb,Please reconsider your decision.,请重新考虑你的决定。,"附加词汇"
adjust,调解，校正,,verb,You need to adjust your chair height.,你需要调整椅子的高度。,"VITAMIN GRAMMAR"
allocation,分配，分派,,noun,The allocation of resources was discussed.,讨论了资源的分配问题。,"VITAMIN GRAMMAR"
distribute,分发，分,,verb,They distributed flyers on the street.,他们在街上分发传单。,"VITAMIN GRAMMAR"
fund,资金，财源,,noun/verb,They raised funds for charity.,他们为慈善事业筹集资金。,"VITAMIN GRAMMAR"
division,部门,,noun,He works in the software division.,他在软件部门工作。,"VITAMIN GRAMMAR"
scramble,仓促行动,,verb/noun,Workers scrambled to finish the task.,工人们仓促完成任务。,"VITAMIN GRAMMAR"
bid,投标,,noun/verb,Three companies submitted a bid.,三家公司提交了投标书。,"VITAMIN GRAMMAR"
client,顾客,,noun,We value every client.,我们重视每一位客户。,"VITAMIN GRAMMAR"
part (s) of,……的一部分,,phrase,This is part of our strategy.,这是我们策略的一部分。,"VITAMIN GRAMMAR"
maintenance,整理，管理,,noun,The building is closed for maintenance.,大楼因维护而关闭。,"VITAMIN GRAMMAR"
major,主要的，大规模的,,adjective,This is a major breakthrough.,这是一项重大的突破。,"VITAMIN GRAMMAR"
publication,定期出版物，书籍,,noun,The research paper is awaiting publication.,这篇研究论文正等待出版。,"VITAMIN GRAMMAR"
current,现在的，现行的,,adjective,What is your current address?,你目前的地址是什么？,"VITAMIN GRAMMAR"
the number of,……的量，数,,phrase,The number of students has increased.,学生人数有所增加。,"VITAMIN GRAMMAR"
expenditure,(个人或团体的) 支出，消费,,noun,We need to cut down on expenditures.,我们需要削减开支。,"VITAMIN GRAMMAR"
manager,部门经理,,noun,She was promoted to manager.,她被晋升为经理。,"VITAMIN GRAMMAR"
executive,董事，理事,,noun,He is a senior corporate executive.,他是公司的高级行政主管。,"VITAMIN GRAMMAR"
accounting,会计,,noun,She studied accounting in college.,她在大学学的是会计。,"VITAMIN GRAMMAR"
general,通常的，一般的,,adjective,This is a general rule.,这是一条常规。,"VITAMIN GRAMMAR"
talk about + 事物,谈论某事,,phrase,We talked about the project.,我们讨论了那个项目。,"VITAMIN GRAMMAR"
talk with [to] + 人,和某人谈话,,phrase,I need to talk with you.,我需要跟你谈谈。,"VITAMIN GRAMMAR"
advanced,最新的,,adjective,This is an advanced course in English.,这是一门高级英语课程。,"VITAMIN GRAMMAR"
spreadsheet,(电脑) 空白表格程序,,noun,Enter the data into the spreadsheet.,将数据输入电子表格。,"VITAMIN GRAMMAR"
list,罗列,,noun/verb,Make a list of things to buy.,列一张要买的东西的清单。,"VITAMIN GRAMMAR"
expenditures,支出，经费,,noun,Company expenditures rose this year.,公司今年的开支上升了。,"VITAMIN GRAMMAR"
crew,(全体) 职员，船员,,noun,The flight crew was very helpful.,机组人员非常乐于助人。,"VITAMIN GRAMMAR"
power outage,停电,,noun,The storm caused a power outage.,暴风雨导致了停电。,"VITAMIN GRAMMAR"
assign A to do,让 A 负责……，赋予重任,,phrase,They assigned him to lead the team.,他们指派他领导这个团队。,"VITAMIN GRAMMAR"
several market research,几项市场调查,,phrase,We conducted several market researches.,我们做了几项市场调查。,"VITAMIN GRAMMAR"
